{"epoch":2,"loss":0.2826271973343359,"_timestamp":1.745242261439855e+09,"_runtime":2418.322182,"_step":1,"_wandb":{"runtime":2418}}